-- phpMyAdmin SQL Dump
-- version 4.9.1
-- https://www.phpmyadmin.net/
--
-- Хост: localhost
-- Время создания: Май 31 2020 г., 09:35
-- Версия сервера: 5.6.39-83.1
-- Версия PHP: 5.6.40

SET SQL_MODE = "NO_AUTO_VALUE_ON_ZERO";
SET time_zone = "+00:00";


/*!40101 SET @OLD_CHARACTER_SET_CLIENT=@@CHARACTER_SET_CLIENT */;
/*!40101 SET @OLD_CHARACTER_SET_RESULTS=@@CHARACTER_SET_RESULTS */;
/*!40101 SET @OLD_COLLATION_CONNECTION=@@COLLATION_CONNECTION */;
/*!40101 SET NAMES utf8mb4 */;

--
-- База данных: `cp29191_analysis`
--

-- --------------------------------------------------------

--
-- Структура таблицы `control`
--

CREATE TABLE IF NOT EXISTS `control` (
  `id_control` int(11) NOT NULL AUTO_INCREMENT,
  `value` int(11) NOT NULL,
  `set_off` tinyint(1) NOT NULL,
  `date` date NOT NULL,
  `id_final_grade` int(11) NOT NULL,
  `id_student` int(11) NOT NULL,
  PRIMARY KEY (`id_control`),
  KEY `IX_Relationship9` (`id_final_grade`),
  KEY `IX_Relationship10` (`id_student`)
) ENGINE=MyISAM AUTO_INCREMENT=213 DEFAULT CHARSET=utf8mb4;

--
-- Дамп данных таблицы `control`
--

INSERT INTO `control` (`id_control`, `value`, `set_off`, `date`, `id_final_grade`, `id_student`) VALUES
(1, 80, 0, '2017-01-12', 1, 1),
(2, 70, 0, '2017-01-12', 1, 2),
(3, 40, 0, '2017-01-12', 1, 15),
(4, 60, 0, '2017-01-12', 1, 16),
(5, 70, 0, '2017-01-12', 1, 17),
(6, 60, 0, '2017-01-15', 2, 1),
(7, 80, 0, '2017-01-15', 2, 2),
(8, 30, 0, '2017-01-15', 2, 15),
(9, 70, 0, '2017-01-15', 2, 16),
(10, 40, 0, '2017-01-15', 2, 17),
(11, 80, 0, '2017-06-11', 3, 1),
(12, 60, 0, '2017-06-11', 3, 2),
(13, 35, 0, '2017-06-11', 3, 15),
(14, 56, 0, '2017-06-11', 3, 16),
(15, 76, 0, '2017-06-11', 3, 17),
(16, 0, 1, '2017-06-16', 4, 1),
(17, 0, 1, '2017-06-16', 4, 2),
(18, 0, 1, '2017-06-16', 4, 15),
(19, 0, 1, '2017-06-16', 4, 16),
(20, 0, 1, '2017-06-16', 4, 17),
(21, 56, 0, '2018-01-20', 5, 1),
(22, 35, 0, '2018-01-20', 5, 2),
(23, 65, 0, '2018-01-20', 5, 15),
(24, 56, 0, '2018-01-20', 5, 16),
(25, 87, 0, '2018-01-20', 5, 17),
(26, 54, 0, '2018-01-15', 6, 1),
(27, 55, 0, '2018-01-15', 6, 2),
(28, 56, 0, '2018-01-15', 6, 15),
(29, 78, 0, '2018-01-15', 6, 16),
(30, 43, 0, '2018-01-15', 6, 17),
(31, 76, 0, '2018-06-12', 7, 1),
(32, 43, 0, '2018-06-12', 7, 2),
(33, 35, 0, '2018-06-12', 7, 15),
(34, 65, 0, '2018-06-12', 7, 16),
(35, 65, 0, '2018-06-12', 7, 17),
(36, 0, 1, '2018-06-20', 8, 1),
(37, 0, 1, '2018-06-20', 8, 2),
(38, 0, 1, '2018-06-20', 8, 15),
(39, 0, 1, '2018-06-20', 8, 16),
(40, 0, 1, '2018-06-20', 8, 17),
(41, 54, 0, '2019-01-10', 9, 1),
(42, 54, 0, '2019-01-10', 9, 2),
(43, 65, 0, '2019-01-10', 9, 15),
(44, 43, 0, '2019-01-10', 9, 16),
(45, 65, 0, '2019-01-10', 9, 17),
(46, 76, 0, '2019-01-17', 10, 1),
(47, 54, 0, '2019-01-17', 10, 2),
(48, 54, 0, '2019-01-17', 10, 15),
(49, 43, 0, '2019-01-17', 10, 16),
(50, 54, 0, '2019-01-17', 10, 17),
(51, 65, 0, '2019-06-12', 11, 1),
(52, 43, 0, '2019-06-12', 11, 2),
(53, 43, 0, '2019-06-12', 11, 15),
(54, 76, 0, '2019-06-12', 11, 16),
(55, 43, 0, '2019-06-12', 11, 17),
(56, 0, 1, '2019-06-19', 12, 1),
(57, 0, 1, '2019-06-19', 12, 2),
(58, 0, 1, '2019-06-19', 12, 15),
(59, 0, 1, '2019-06-19', 12, 16),
(60, 0, 1, '2019-06-19', 12, 17),
(61, 65, 0, '2020-01-14', 13, 1),
(62, 54, 0, '2020-01-14', 13, 2),
(63, 98, 0, '2020-01-14', 13, 15),
(64, 65, 0, '2020-01-14', 13, 16),
(65, 87, 0, '2020-01-14', 13, 17),
(66, 54, 0, '2020-01-20', 14, 1),
(67, 98, 0, '2020-01-20', 14, 2),
(68, 65, 0, '2020-01-20', 14, 15),
(69, 76, 0, '2020-01-20', 14, 16),
(70, 43, 0, '2020-01-20', 14, 17),
(71, 76, 0, '2020-06-12', 15, 1),
(72, 76, 0, '2020-06-12', 15, 2),
(73, 54, 0, '2020-06-12', 15, 15),
(74, 87, 0, '2020-06-12', 15, 16),
(75, 54, 0, '2020-06-12', 15, 17),
(76, 0, 1, '2020-06-04', 16, 1),
(77, 0, 1, '2020-06-04', 16, 2),
(78, 0, 1, '2020-06-04', 16, 15),
(79, 0, 1, '2020-06-04', 16, 16),
(80, 0, 1, '2020-06-04', 16, 17),
(81, 65, 0, '2020-06-12', 17, 1),
(82, 87, 0, '2020-06-12', 17, 2),
(83, 56, 0, '2020-06-12', 17, 15),
(84, 87, 0, '2020-06-12', 17, 16),
(85, 66, 0, '2020-06-12', 17, 17),
(86, 0, 1, '2020-06-16', 18, 1),
(87, 0, 1, '2020-06-16', 18, 2),
(88, 0, 1, '2020-06-16', 18, 15),
(89, 0, 1, '2020-06-16', 18, 16),
(90, 0, 1, '2020-06-16', 18, 17),
(91, 56, 0, '2017-01-12', 1, 18),
(92, 76, 0, '2017-01-12', 1, 19),
(93, 54, 0, '2017-01-12', 1, 20),
(94, 65, 0, '2017-01-12', 1, 21),
(95, 76, 0, '2017-01-12', 1, 22),
(96, 87, 0, '2017-01-15', 2, 18),
(97, 65, 0, '2017-01-15', 2, 19),
(98, 43, 0, '2017-01-15', 2, 20),
(99, 65, 0, '2017-01-15', 2, 21),
(100, 54, 0, '2017-01-15', 2, 22),
(101, 76, 0, '2017-06-11', 3, 18),
(102, 87, 0, '2017-06-11', 3, 19),
(103, 65, 0, '2017-06-11', 3, 20),
(104, 87, 0, '2017-06-11', 3, 21),
(105, 87, 0, '2017-06-11', 3, 22),
(106, 0, 1, '2017-06-16', 4, 18),
(107, 0, 1, '2017-06-16', 4, 19),
(108, 0, 1, '2017-06-16', 4, 20),
(109, 0, 1, '2017-06-16', 4, 21),
(110, 0, 1, '2017-06-16', 4, 22),
(111, 78, 0, '2018-01-20', 5, 18),
(112, 87, 0, '2018-01-20', 5, 19),
(113, 87, 0, '2018-01-20', 5, 20),
(114, 65, 0, '2018-01-20', 5, 21),
(115, 65, 0, '2018-01-20', 5, 22),
(116, 43, 0, '2018-01-15', 6, 18),
(117, 76, 0, '2018-01-15', 6, 19),
(118, 43, 0, '2018-01-15', 6, 20),
(119, 76, 0, '2018-01-15', 6, 21),
(120, 43, 0, '2018-01-15', 6, 22),
(121, 87, 0, '2018-06-12', 7, 18),
(122, 54, 0, '2018-06-12', 7, 19),
(123, 77, 0, '2018-06-12', 7, 20),
(124, 32, 0, '2018-06-12', 7, 21),
(125, 43, 0, '2018-06-12', 7, 22),
(126, 0, 1, '2018-06-20', 8, 18),
(127, 0, 1, '2018-06-20', 8, 19),
(128, 0, 1, '2018-06-20', 8, 20),
(129, 0, 1, '2018-06-20', 8, 21),
(130, 0, 1, '2018-06-20', 8, 22),
(131, 43, 0, '2019-01-10', 9, 18),
(132, 34, 0, '2019-01-10', 9, 19),
(133, 32, 0, '2019-01-10', 9, 20),
(134, 43, 0, '2019-01-10', 9, 21),
(135, 54, 0, '2019-01-10', 9, 22),
(136, 43, 0, '2019-01-17', 10, 18),
(137, 43, 0, '2019-01-17', 10, 19),
(138, 54, 0, '2019-01-17', 10, 20),
(139, 65, 0, '2019-01-17', 10, 21),
(140, 43, 0, '2019-01-17', 10, 22),
(141, 65, 0, '2019-06-12', 11, 18),
(142, 43, 0, '2019-06-12', 11, 19),
(143, 65, 0, '2019-06-12', 11, 20),
(144, 43, 0, '2019-06-12', 11, 21),
(145, 65, 0, '2019-06-12', 11, 22),
(146, 0, 1, '2019-06-19', 12, 18),
(147, 0, 1, '2019-06-19', 12, 19),
(148, 0, 1, '2019-06-19', 12, 20),
(149, 0, 1, '2019-06-19', 12, 21),
(150, 0, 1, '2019-06-19', 12, 22),
(151, 54, 0, '2020-01-14', 13, 18),
(152, 65, 0, '2020-01-14', 13, 19),
(153, 43, 0, '2020-01-14', 13, 20),
(154, 43, 0, '2020-01-14', 13, 21),
(155, 65, 0, '2020-01-14', 13, 22),
(156, 32, 0, '2020-01-20', 14, 18),
(157, 54, 0, '2020-01-20', 14, 19),
(158, 65, 0, '2020-01-20', 14, 20),
(159, 33, 0, '2020-01-20', 14, 21),
(160, 54, 0, '2020-01-20', 14, 22),
(161, 65, 0, '2020-06-12', 15, 18),
(162, 76, 0, '2020-06-12', 15, 19),
(163, 43, 0, '2020-06-12', 15, 20),
(164, 65, 0, '2020-06-12', 15, 21),
(165, 43, 0, '2020-06-12', 15, 22),
(166, 0, 1, '2020-06-04', 16, 18),
(167, 0, 1, '2020-06-04', 16, 19),
(168, 0, 1, '2020-06-04', 16, 20),
(169, 0, 1, '2020-06-04', 16, 21),
(170, 0, 1, '2020-06-04', 16, 22),
(171, 65, 0, '2020-06-12', 17, 18),
(172, 65, 0, '2020-06-12', 17, 19),
(173, 43, 0, '2020-06-12', 17, 20),
(174, 65, 0, '2020-06-12', 17, 21),
(175, 43, 0, '2020-06-12', 17, 22),
(176, 0, 1, '2020-06-16', 18, 18),
(177, 0, 1, '2020-06-16', 18, 19),
(178, 0, 1, '2020-06-16', 18, 20),
(179, 0, 1, '2020-06-16', 18, 21),
(180, 0, 1, '2020-06-16', 18, 22),
(181, 80, 0, '2019-01-08', 37, 23),
(182, 70, 0, '2019-01-08', 37, 24),
(183, 40, 0, '2019-01-08', 37, 25),
(184, 60, 0, '2019-01-08', 37, 26),
(185, 60, 0, '2019-01-17', 38, 23),
(186, 80, 0, '2019-01-17', 38, 24),
(187, 30, 0, '2019-01-17', 38, 25),
(188, 70, 0, '2019-01-17', 38, 26),
(189, 80, 0, '2019-06-17', 39, 23),
(190, 60, 0, '2019-06-17', 39, 24),
(191, 35, 0, '2019-06-17', 39, 25),
(192, 56, 0, '2019-06-17', 39, 26),
(193, 0, 1, '2019-06-12', 40, 23),
(194, 0, 1, '2019-06-12', 40, 24),
(195, 0, 1, '2019-06-12', 40, 25),
(196, 0, 1, '2019-06-12', 40, 26),
(197, 80, 0, '2020-01-20', 41, 23),
(198, 70, 0, '2020-01-20', 41, 24),
(199, 40, 0, '2020-01-20', 41, 25),
(200, 60, 0, '2020-01-20', 41, 26),
(201, 60, 0, '2020-01-10', 42, 23),
(202, 80, 0, '2020-01-10', 42, 24),
(203, 30, 0, '2020-01-10', 42, 25),
(204, 70, 0, '2020-06-12', 42, 26),
(205, 80, 0, '2020-06-12', 43, 23),
(206, 60, 0, '2020-06-12', 43, 24),
(207, 35, 0, '2020-06-12', 43, 25),
(208, 56, 0, '2020-06-12', 43, 26),
(209, 0, 1, '2020-06-16', 44, 23),
(210, 0, 1, '2020-06-16', 44, 24),
(211, 0, 1, '2020-06-16', 44, 25),
(212, 0, 1, '2020-06-16', 44, 26);

-- --------------------------------------------------------

--
-- Структура таблицы `discipline`
--

CREATE TABLE IF NOT EXISTS `discipline` (
  `id_discipline` int(11) NOT NULL AUTO_INCREMENT,
  `name` char(255) NOT NULL,
  PRIMARY KEY (`id_discipline`)
) ENGINE=MyISAM AUTO_INCREMENT=19 DEFAULT CHARSET=utf8mb4;

--
-- Дамп данных таблицы `discipline`
--

INSERT INTO `discipline` (`id_discipline`, `name`) VALUES
(1, 'Операционные системы'),
(2, 'Алгоритмы и структуры данных'),
(3, 'Математический анализ'),
(4, 'Дискретная математика'),
(5, 'Математическая логика'),
(6, 'Анализ данных'),
(7, 'Философия'),
(8, 'История'),
(9, 'Компьютерная безопасность'),
(10, 'Параллельное программирование'),
(11, 'Объектно-ориентированное программирование'),
(12, 'Основы программирования'),
(13, 'Управление проектами'),
(14, 'Введение в информатику'),
(15, 'Вычислительная математика'),
(16, 'Теория вероятностей'),
(17, 'Основы проектирования приложений'),
(18, 'Автоматы');

-- --------------------------------------------------------

--
-- Структура таблицы `final_grade`
--

CREATE TABLE IF NOT EXISTS `final_grade` (
  `id_final_grade` int(11) NOT NULL AUTO_INCREMENT,
  `date` date NOT NULL,
  `id_type_final_grade` int(11) NOT NULL,
  `id_session_type` int(11) NOT NULL,
  `id_discipline` int(11) NOT NULL,
  `id_group` int(11) NOT NULL,
  PRIMARY KEY (`id_final_grade`),
  KEY `IX_Relationship4` (`id_type_final_grade`),
  KEY `IX_Relationship5` (`id_session_type`),
  KEY `IX_Relationship7` (`id_discipline`),
  KEY `IX_Relationship8` (`id_group`)
) ENGINE=MyISAM AUTO_INCREMENT=45 DEFAULT CHARSET=utf8mb4;

--
-- Дамп данных таблицы `final_grade`
--

INSERT INTO `final_grade` (`id_final_grade`, `date`, `id_type_final_grade`, `id_session_type`, `id_discipline`, `id_group`) VALUES
(1, '2017-01-12', 1, 1, 1, 1),
(2, '2017-01-15', 1, 1, 2, 1),
(3, '2017-06-11', 1, 2, 3, 1),
(4, '2017-06-16', 2, 2, 4, 1),
(5, '2018-01-20', 1, 1, 5, 1),
(6, '2018-01-15', 1, 1, 6, 1),
(7, '2018-06-12', 1, 2, 7, 1),
(8, '2018-06-20', 2, 2, 8, 1),
(9, '2019-01-10', 1, 1, 9, 1),
(10, '2019-01-17', 1, 1, 10, 1),
(11, '2019-06-12', 1, 2, 11, 1),
(12, '2019-06-19', 2, 2, 12, 1),
(13, '2020-01-14', 1, 1, 13, 1),
(14, '2020-01-20', 1, 1, 14, 1),
(15, '2020-06-12', 1, 2, 15, 1),
(16, '2020-06-04', 2, 2, 16, 1),
(17, '2020-06-12', 1, 2, 17, 1),
(18, '2020-06-16', 2, 2, 18, 1),
(19, '2017-01-12', 1, 1, 1, 2),
(20, '2017-01-15', 1, 1, 2, 2),
(21, '2017-06-11', 1, 2, 3, 2),
(22, '2017-06-16', 2, 2, 4, 2),
(23, '2018-01-20', 1, 1, 5, 2),
(24, '2018-01-15', 1, 1, 6, 2),
(25, '2018-06-12', 1, 2, 7, 2),
(26, '2018-06-20', 2, 2, 8, 2),
(27, '2019-01-10', 1, 1, 9, 2),
(28, '2019-01-17', 1, 1, 10, 2),
(29, '2019-06-12', 1, 2, 11, 2),
(30, '2019-06-19', 2, 2, 12, 2),
(31, '2020-01-14', 1, 1, 13, 2),
(32, '2020-01-20', 1, 1, 14, 2),
(33, '2020-06-12', 1, 2, 15, 2),
(34, '2020-06-04', 2, 2, 16, 2),
(35, '2020-06-12', 1, 2, 17, 2),
(36, '2020-06-16', 2, 2, 18, 2),
(37, '2019-01-08', 1, 1, 1, 3),
(38, '2019-01-17', 1, 1, 2, 3),
(39, '2019-06-17', 1, 2, 3, 3),
(40, '2019-06-12', 2, 2, 4, 3),
(41, '2020-01-20', 1, 1, 5, 3),
(42, '2020-01-10', 1, 1, 6, 3),
(43, '2020-06-12', 1, 2, 7, 3),
(44, '2020-06-16', 2, 2, 8, 3);

-- --------------------------------------------------------

--
-- Структура таблицы `grade`
--

CREATE TABLE IF NOT EXISTS `grade` (
  `id_grade` int(11) NOT NULL AUTO_INCREMENT,
  `value` int(11) NOT NULL,
  `date` date NOT NULL,
  `id_work` int(11) NOT NULL,
  `id_student` int(11) NOT NULL,
  PRIMARY KEY (`id_grade`),
  KEY `IX_Relationship8` (`id_work`),
  KEY `IX_Relationship9` (`id_student`)
) ENGINE=MyISAM AUTO_INCREMENT=553 DEFAULT CHARSET=utf8mb4;

--
-- Дамп данных таблицы `grade`
--

INSERT INTO `grade` (`id_grade`, `value`, `date`, `id_work`, `id_student`) VALUES
(8, 30, '2020-03-11', 45, 16),
(7, 40, '2020-03-11', 45, 15),
(6, 85, '2020-03-14', 45, 2),
(5, 80, '2020-03-11', 45, 1),
(9, 56, '2020-03-25', 46, 1),
(10, 55, '2020-03-25', 46, 2),
(11, 56, '2020-03-25', 46, 15),
(12, 45, '2020-05-12', 47, 1),
(13, 54, '2020-03-11', 51, 16),
(14, 65, '2020-03-11', 51, 15),
(15, 43, '2020-03-14', 51, 2),
(16, 65, '2020-03-11', 51, 1),
(17, 43, '2020-03-25', 52, 1),
(18, 65, '2020-03-25', 52, 2),
(19, 43, '2020-03-25', 52, 15),
(20, 76, '2020-05-12', 53, 1),
(21, 76, '2016-09-20', 1, 1),
(22, 45, '2016-09-20', 1, 2),
(23, 50, '2016-09-20', 1, 15),
(24, 70, '2016-09-20', 1, 16),
(25, 65, '2016-09-20', 1, 17),
(26, 65, '2016-10-24', 2, 1),
(27, 54, '2016-10-24', 2, 2),
(28, 54, '2016-10-24', 2, 15),
(29, 65, '2016-10-24', 2, 16),
(30, 26, '2016-10-24', 2, 17),
(31, 54, '2016-11-13', 3, 1),
(32, 34, '2016-11-13', 3, 2),
(33, 43, '2016-11-13', 3, 15),
(34, 54, '2016-11-13', 3, 16),
(35, 54, '2016-11-13', 3, 17),
(36, 76, '2016-12-23', 4, 1),
(37, 54, '2016-12-23', 4, 2),
(38, 43, '2016-12-23', 4, 15),
(39, 65, '2016-12-23', 4, 16),
(40, 43, '2016-12-23', 4, 17),
(41, 54, '2016-09-20', 5, 1),
(42, 43, '2016-09-20', 5, 2),
(43, 54, '2016-09-20', 5, 15),
(44, 76, '2016-09-20', 5, 16),
(45, 87, '2016-09-20', 5, 17),
(46, 98, '2016-10-24', 6, 1),
(47, 65, '2016-10-24', 6, 2),
(48, 0, '2016-10-24', 6, 15),
(49, 76, '2016-10-24', 6, 16),
(50, 87, '2016-10-24', 6, 17),
(51, 65, '2016-11-13', 7, 1),
(52, 87, '2016-11-13', 7, 2),
(53, 43, '2016-11-13', 7, 15),
(54, 65, '2016-11-13', 7, 16),
(55, 0, '2016-11-13', 7, 17),
(56, 65, '2016-12-23', 8, 1),
(57, 76, '2016-12-23', 8, 2),
(58, 54, '2016-12-23', 8, 15),
(59, 76, '2016-12-23', 8, 16),
(60, 54, '2016-12-23', 8, 17),
(61, 65, '2017-02-20', 9, 1),
(62, 54, '2017-02-20', 9, 2),
(63, 76, '2017-02-20', 9, 15),
(64, 87, '2017-02-20', 9, 16),
(65, 43, '2017-02-20', 9, 17),
(66, 65, '2017-03-21', 10, 1),
(67, 76, '2017-03-21', 10, 2),
(68, 43, '2017-03-21', 10, 15),
(69, 65, '2017-03-21', 10, 16),
(70, 43, '2017-03-21', 10, 17),
(71, 65, '2020-03-14', 11, 1),
(72, 76, '2017-04-12', 11, 2),
(73, 87, '2017-04-12', 11, 15),
(74, 43, '2017-04-12', 11, 16),
(75, 65, '2017-04-12', 11, 17),
(76, 76, '2017-02-28', 12, 1),
(77, 43, '2017-02-28', 12, 2),
(78, 65, '2017-02-28', 12, 15),
(79, 76, '2017-02-28', 12, 16),
(80, 87, '2017-02-28', 12, 17),
(81, 43, '2017-03-01', 13, 1),
(82, 0, '2017-03-01', 13, 2),
(83, 54, '2017-03-01', 13, 15),
(84, 43, '2017-03-01', 13, 16),
(85, 87, '2017-03-01', 13, 17),
(86, 43, '2017-04-26', 14, 1),
(87, 65, '2017-04-26', 14, 2),
(88, 65, '2017-04-26', 14, 15),
(89, 76, '2017-04-26', 14, 16),
(90, 87, '2017-04-26', 14, 17),
(91, 43, '2017-09-21', 15, 1),
(92, 54, '2017-09-21', 15, 2),
(93, 76, '2017-09-21', 15, 15),
(94, 87, '2017-09-21', 15, 16),
(95, 43, '2017-09-21', 15, 17),
(96, 65, '2017-10-13', 16, 1),
(97, 67, '2017-10-13', 16, 2),
(98, 87, '2017-10-13', 16, 15),
(99, 43, '2017-10-13', 16, 16),
(100, 76, '2017-10-13', 16, 17),
(101, 87, '2017-11-12', 17, 1),
(102, 98, '2017-11-12', 17, 2),
(103, 43, '2017-11-12', 17, 15),
(104, 65, '2017-11-12', 17, 16),
(105, 76, '2017-11-12', 17, 17),
(106, 87, '2017-09-05', 18, 1),
(107, 43, '2017-09-05', 18, 2),
(108, 65, '2017-09-05', 18, 15),
(109, 87, '2017-09-05', 18, 16),
(110, 98, '2017-09-05', 18, 17),
(111, 54, '2017-10-26', 19, 1),
(112, 76, '2017-10-26', 19, 2),
(113, 43, '2017-10-26', 19, 15),
(114, 87, '2017-10-26', 19, 16),
(115, 87, '2017-10-26', 19, 17),
(116, 56, '2017-11-12', 20, 1),
(117, 54, '2017-11-12', 20, 2),
(118, 76, '2017-11-12', 20, 15),
(119, 87, '2017-11-12', 20, 16),
(120, 54, '2017-11-12', 20, 17),
(121, 65, '2018-02-20', 21, 1),
(122, 54, '2018-02-20', 21, 2),
(123, 54, '2018-02-20', 21, 15),
(124, 65, '2018-02-20', 21, 16),
(125, 26, '2018-02-20', 21, 17),
(126, 54, '2018-03-21', 22, 1),
(127, 34, '0000-00-00', 22, 2),
(128, 43, '2018-03-21', 22, 15),
(129, 54, '2018-03-21', 22, 16),
(130, 54, '2018-03-21', 22, 17),
(131, 76, '2018-04-08', 23, 1),
(132, 54, '2018-04-08', 23, 2),
(133, 43, '2018-04-08', 23, 15),
(134, 65, '2018-04-08', 23, 16),
(135, 43, '2018-04-08', 23, 17),
(136, 54, '2018-02-20', 24, 1),
(137, 43, '2018-02-20', 24, 2),
(138, 54, '2018-02-20', 24, 15),
(139, 76, '2018-02-20', 24, 16),
(140, 87, '2018-02-20', 24, 17),
(141, 98, '2018-03-18', 25, 1),
(142, 65, '2018-03-18', 25, 2),
(143, 0, '2018-03-18', 25, 15),
(144, 76, '2018-03-18', 25, 16),
(145, 87, '2018-03-18', 25, 17),
(146, 65, '2018-04-23', 26, 1),
(147, 87, '2018-04-23', 26, 2),
(148, 43, '2018-04-23', 26, 15),
(149, 65, '2018-04-23', 26, 16),
(150, 0, '2018-04-23', 26, 17),
(151, 65, '2018-09-21', 27, 1),
(152, 76, '2018-09-21', 27, 2),
(153, 54, '2018-09-21', 27, 15),
(154, 76, '2018-09-21', 27, 16),
(155, 54, '2018-09-21', 27, 17),
(156, 65, '2018-10-25', 28, 1),
(157, 54, '2018-10-25', 28, 2),
(158, 76, '2018-10-25', 28, 15),
(159, 87, '2018-10-25', 28, 16),
(160, 43, '2018-10-25', 28, 17),
(161, 65, '2018-11-01', 29, 1),
(162, 76, '2018-11-01', 29, 2),
(163, 43, '2018-11-01', 29, 15),
(164, 65, '2018-11-01', 29, 16),
(165, 43, '2018-11-01', 29, 17),
(167, 65, '2018-09-08', 30, 1),
(168, 76, '2018-09-08', 30, 2),
(169, 87, '2018-09-08', 30, 15),
(170, 43, '2018-09-08', 30, 16),
(171, 65, '2018-09-08', 30, 17),
(172, 76, '2018-10-08', 31, 1),
(173, 43, '2018-10-08', 31, 2),
(174, 65, '2018-10-08', 31, 15),
(175, 76, '2018-10-08', 31, 16),
(176, 87, '2018-10-08', 31, 17),
(177, 43, '2018-11-09', 32, 1),
(178, 0, '2018-11-09', 32, 2),
(179, 54, '2018-11-09', 32, 15),
(180, 43, '2018-11-09', 32, 16),
(181, 87, '2018-11-09', 32, 17),
(182, 43, '2019-02-20', 33, 1),
(183, 65, '2019-02-20', 33, 2),
(184, 65, '2019-02-20', 33, 15),
(185, 76, '2019-02-20', 33, 16),
(186, 87, '2019-02-20', 33, 17),
(187, 43, '2019-03-16', 34, 1),
(188, 54, '2019-03-16', 34, 2),
(189, 76, '2019-03-16', 34, 15),
(190, 87, '2019-03-16', 34, 16),
(191, 43, '2019-03-16', 34, 17),
(192, 65, '2019-04-20', 35, 1),
(193, 67, '2019-04-20', 35, 2),
(194, 87, '2019-04-20', 35, 15),
(195, 43, '2019-04-20', 35, 16),
(196, 76, '2019-04-20', 35, 17),
(197, 87, '2019-02-08', 36, 1),
(198, 98, '2019-02-08', 36, 2),
(199, 43, '2019-02-08', 36, 15),
(200, 65, '2019-02-08', 36, 16),
(201, 76, '2019-02-08', 36, 17),
(202, 87, '2019-03-21', 37, 1),
(203, 43, '2019-03-21', 37, 2),
(204, 65, '2019-03-21', 37, 15),
(205, 87, '2019-03-21', 37, 16),
(206, 98, '2019-03-21', 37, 17),
(207, 54, '2019-04-19', 38, 1),
(208, 76, '2019-04-19', 38, 2),
(209, 43, '2019-04-19', 38, 15),
(210, 87, '2019-04-19', 38, 16),
(211, 87, '2019-04-19', 38, 17),
(212, 56, '2019-09-20', 40, 1),
(213, 54, '2019-09-20', 40, 2),
(214, 76, '2019-09-20', 40, 15),
(215, 87, '2019-09-20', 40, 16),
(216, 54, '2019-09-20', 40, 17),
(217, 54, '2019-09-08', 39, 1),
(218, 43, '2019-09-08', 39, 2),
(219, 54, '2019-09-08', 39, 15),
(220, 65, '2019-09-08', 39, 16),
(221, 43, '2019-09-08', 39, 17),
(222, 65, '2019-11-05', 41, 1),
(223, 43, '2019-11-05', 41, 2),
(224, 65, '2019-11-05', 41, 15),
(225, 43, '2019-11-05', 41, 16),
(226, 65, '2019-11-05', 41, 17),
(227, 43, '2019-09-10', 42, 1),
(228, 65, '2019-09-10', 42, 2),
(229, 76, '2019-09-10', 42, 15),
(230, 87, '2019-09-10', 42, 16),
(231, 54, '2019-09-10', 42, 17),
(232, 76, '2019-10-24', 43, 1),
(233, 87, '2019-10-24', 43, 2),
(234, 54, '2019-10-24', 43, 15),
(235, 54, '2019-10-24', 43, 16),
(236, 43, '2019-10-24', 43, 17),
(237, 65, '2019-11-10', 44, 1),
(238, 76, '2019-11-10', 44, 2),
(239, 87, '2019-11-10', 44, 15),
(240, 43, '2019-11-10', 44, 16),
(241, 76, '2019-11-10', 44, 17),
(242, 54, '2016-09-20', 57, 18),
(243, 65, '2016-09-20', 57, 19),
(244, 54, '2016-09-20', 57, 20),
(245, 70, '2016-09-20', 57, 21),
(246, 65, '2016-09-20', 57, 22),
(247, 65, '2016-10-24', 58, 18),
(248, 54, '2016-10-24', 58, 19),
(249, 65, '2016-10-24', 58, 20),
(250, 65, '2016-10-24', 58, 21),
(251, 26, '2016-10-24', 58, 22),
(252, 32, '2016-11-13', 59, 18),
(253, 34, '2016-11-13', 59, 19),
(254, 0, '2016-11-13', 59, 20),
(255, 54, '2016-11-13', 59, 21),
(256, 54, '2016-11-13', 59, 22),
(257, 54, '2016-09-20', 60, 18),
(258, 43, '2016-09-20', 60, 19),
(259, 54, '2016-09-20', 60, 20),
(260, 54, '2016-09-20', 60, 21),
(261, 87, '2016-09-20', 60, 22),
(262, 98, '2016-10-24', 61, 18),
(263, 65, '2016-10-24', 61, 19),
(264, 43, '2016-10-24', 61, 20),
(265, 76, '2016-10-24', 61, 21),
(266, 87, '2016-10-24', 61, 22),
(267, 0, '2016-11-13', 62, 18),
(268, 87, '2016-11-13', 62, 19),
(269, 43, '2016-11-13', 62, 20),
(270, 65, '2016-11-13', 62, 21),
(271, 43, '2016-11-13', 62, 22),
(272, 65, '2017-02-20', 63, 18),
(273, 54, '2017-02-20', 63, 19),
(274, 76, '2017-02-20', 63, 20),
(275, 0, '2017-02-20', 63, 21),
(276, 43, '2017-02-20', 63, 22),
(277, 65, '2017-03-21', 64, 18),
(278, 76, '2017-03-21', 64, 19),
(279, 43, '2017-03-21', 64, 20),
(280, 43, '2017-03-21', 64, 21),
(281, 43, '2017-03-21', 64, 22),
(282, 65, '2020-03-14', 65, 18),
(283, 76, '2017-04-12', 65, 19),
(284, 43, '2017-04-12', 65, 20),
(285, 43, '2017-04-12', 65, 21),
(286, 65, '2017-04-12', 65, 22),
(287, 76, '2017-02-28', 66, 18),
(288, 43, '2017-02-28', 66, 19),
(289, 65, '2017-02-28', 66, 20),
(290, 54, '2017-02-28', 66, 21),
(291, 87, '2017-02-28', 66, 22),
(292, 43, '2017-03-01', 67, 18),
(293, 0, '2017-03-01', 67, 19),
(294, 54, '2017-03-01', 67, 20),
(295, 43, '2017-03-01', 67, 21),
(296, 0, '2017-03-01', 67, 22),
(297, 43, '2017-04-26', 68, 18),
(298, 65, '2017-04-26', 68, 19),
(299, 65, '2017-04-26', 68, 20),
(300, 0, '2017-04-26', 68, 21),
(301, 87, '2017-04-26', 68, 22),
(302, 43, '2017-09-21', 69, 18),
(303, 54, '2017-09-21', 69, 19),
(304, 0, '2017-09-21', 69, 20),
(305, 87, '2017-09-21', 69, 21),
(306, 43, '2017-09-21', 69, 22),
(307, 65, '2017-10-13', 70, 18),
(308, 67, '2017-10-13', 70, 19),
(309, 54, '2017-10-13', 70, 20),
(310, 43, '2017-10-13', 70, 21),
(311, 76, '2017-10-13', 70, 22),
(312, 87, '2017-11-12', 71, 18),
(313, 98, '2017-11-12', 71, 19),
(314, 43, '2017-11-12', 71, 20),
(315, 65, '2017-11-12', 71, 21),
(316, 0, '2017-11-12', 71, 22),
(317, 87, '2017-09-05', 72, 18),
(318, 43, '2017-09-05', 72, 19),
(319, 65, '2017-09-05', 72, 20),
(320, 87, '2017-09-05', 72, 21),
(321, 98, '2017-09-05', 72, 22),
(322, 54, '2017-10-26', 73, 18),
(323, 76, '2017-10-26', 73, 19),
(324, 43, '2017-10-26', 73, 20),
(325, 43, '2017-10-26', 73, 21),
(326, 54, '2017-10-26', 73, 22),
(327, 56, '2017-11-12', 74, 18),
(328, 54, '2017-11-12', 74, 19),
(329, 0, '2017-11-12', 74, 20),
(330, 87, '2017-11-12', 74, 21),
(331, 54, '2017-11-12', 74, 22),
(332, 65, '2018-02-20', 75, 18),
(333, 54, '2018-02-20', 75, 19),
(334, 54, '2018-02-20', 75, 20),
(335, 43, '2018-02-20', 75, 21),
(336, 26, '2018-02-20', 75, 22),
(337, 54, '2018-03-21', 76, 18),
(338, 34, '2018-03-21', 76, 19),
(339, 32, '2018-03-21', 76, 20),
(340, 54, '2018-03-21', 76, 21),
(341, 54, '2018-03-21', 76, 22),
(342, 76, '2018-04-08', 77, 18),
(343, 54, '2018-04-08', 77, 19),
(344, 43, '2018-04-08', 77, 20),
(345, 65, '2018-04-08', 77, 21),
(346, 43, '2018-04-08', 77, 22),
(347, 54, '2018-02-20', 78, 18),
(348, 43, '2018-02-20', 78, 19),
(349, 54, '2018-02-20', 78, 20),
(350, 76, '2018-02-20', 78, 21),
(351, 87, '2018-02-20', 78, 22),
(352, 98, '2018-03-18', 79, 18),
(353, 65, '2018-03-18', 79, 19),
(354, 0, '2018-03-18', 79, 20),
(355, 76, '2018-03-18', 79, 21),
(356, 87, '2018-03-18', 79, 22),
(357, 65, '2018-04-23', 80, 18),
(358, 87, '2018-04-23', 80, 19),
(359, 43, '2018-04-23', 80, 20),
(360, 43, '2018-04-23', 80, 21),
(361, 0, '2018-04-23', 80, 22),
(362, 65, '2018-09-21', 81, 18),
(363, 43, '2018-09-21', 81, 19),
(364, 54, '2018-09-21', 81, 20),
(365, 54, '2018-09-21', 81, 21),
(366, 54, '2018-09-21', 81, 22),
(367, 65, '2018-10-25', 82, 18),
(368, 54, '2018-10-25', 82, 19),
(369, 65, '2018-10-25', 82, 20),
(370, 87, '2018-10-25', 82, 21),
(371, 43, '2018-10-25', 82, 22),
(372, 65, '2018-11-01', 83, 18),
(373, 76, '2018-11-01', 83, 19),
(374, 43, '2018-11-01', 83, 20),
(375, 43, '2018-11-01', 83, 21),
(376, 43, '2018-11-01', 83, 22),
(377, 65, '2018-09-08', 84, 18),
(378, 76, '2018-09-08', 84, 19),
(379, 54, '2018-09-08', 84, 20),
(380, 43, '2018-09-08', 84, 21),
(381, 65, '2018-09-08', 84, 22),
(382, 76, '2018-10-08', 85, 18),
(383, 43, '2018-10-08', 85, 19),
(384, 0, '2018-10-08', 85, 20),
(385, 76, '2018-10-08', 85, 21),
(386, 87, '2018-10-08', 85, 22),
(387, 43, '2018-11-09', 86, 18),
(388, 0, '2018-11-09', 86, 19),
(389, 54, '2018-11-09', 86, 20),
(390, 32, '2018-11-09', 86, 21),
(391, 87, '2018-11-09', 86, 22),
(392, 43, '2019-02-20', 87, 18),
(393, 65, '2019-02-20', 87, 19),
(394, 65, '2019-02-20', 87, 20),
(395, 76, '2019-02-20', 87, 21),
(396, 87, '2019-02-20', 87, 22),
(397, 43, '2019-03-16', 88, 18),
(398, 54, '2019-03-16', 88, 19),
(399, 76, '2019-03-16', 88, 20),
(400, 87, '2019-03-16', 88, 21),
(401, 43, '2019-03-16', 88, 22),
(402, 65, '2019-04-20', 89, 18),
(403, 67, '2019-04-20', 89, 19),
(404, 87, '2019-04-20', 89, 20),
(405, 43, '2019-04-20', 89, 21),
(406, 76, '2019-04-20', 89, 22),
(407, 54, '2019-02-08', 90, 18),
(408, 98, '2019-02-08', 90, 19),
(409, 43, '2019-02-08', 90, 20),
(410, 65, '2019-02-08', 90, 21),
(411, 76, '2019-02-08', 90, 22),
(412, 87, '2019-03-21', 91, 18),
(413, 43, '2019-03-21', 91, 19),
(414, 65, '2019-03-21', 91, 20),
(415, 87, '2019-03-21', 91, 21),
(416, 98, '2019-03-21', 91, 22),
(417, 54, '2019-04-19', 92, 18),
(418, 54, '2019-04-19', 92, 19),
(419, 43, '2019-04-19', 92, 20),
(420, 87, '2019-04-19', 92, 21),
(421, 87, '2019-04-19', 92, 22),
(422, 65, '2019-09-20', 93, 18),
(423, 65, '2019-09-20', 93, 19),
(424, 76, '2019-09-20', 93, 20),
(425, 87, '2019-09-20', 93, 21),
(426, 54, '2019-09-20', 93, 22),
(427, 54, '2019-09-08', 94, 18),
(428, 76, '2019-09-08', 94, 19),
(429, 54, '2019-09-08', 94, 20),
(430, 65, '2019-09-08', 94, 21),
(431, 43, '2019-09-08', 94, 22),
(432, 65, '2019-11-05', 95, 18),
(433, 87, '2019-11-05', 95, 19),
(434, 98, '2019-11-05', 95, 20),
(435, 43, '2019-11-05', 95, 21),
(436, 65, '2019-11-05', 95, 22),
(437, 43, '2019-09-10', 96, 18),
(438, 65, '2019-09-10', 96, 19),
(439, 76, '2019-09-10', 96, 20),
(440, 34, '2019-09-10', 96, 21),
(441, 54, '2019-09-10', 96, 22),
(442, 76, '2019-10-24', 97, 18),
(443, 87, '2019-10-24', 97, 19),
(444, 54, '2019-10-24', 97, 20),
(445, 54, '2019-10-24', 97, 21),
(446, 43, '2019-10-24', 97, 22),
(447, 65, '2019-11-10', 98, 18),
(448, 54, '2019-11-10', 98, 19),
(449, 87, '2019-11-10', 98, 20),
(450, 43, '2019-11-10', 98, 21),
(451, 76, '2019-11-10', 98, 22),
(452, 43, '2019-09-10', 99, 18),
(453, 54, '2019-09-10', 99, 19),
(454, 65, '2019-09-10', 99, 20),
(455, 76, '2019-09-10', 99, 21),
(456, 43, '2019-09-10', 99, 22),
(457, 65, '2019-10-24', 100, 18),
(458, 87, '2019-10-24', 100, 19),
(459, 32, '2019-10-24', 100, 20),
(460, 0, '2019-10-24', 100, 21),
(461, 54, '2019-10-24', 100, 22),
(462, 65, '2019-11-10', 101, 18),
(463, 76, '2019-11-10', 101, 19),
(464, 43, '2019-11-10', 101, 20),
(465, 43, '2019-11-10', 101, 21),
(466, 55, '2019-11-10', 101, 22),
(467, 54, '2018-09-20', 111, 23),
(468, 43, '2018-09-20', 111, 24),
(469, 54, '2018-09-20', 111, 25),
(470, 4, '2018-09-20', 112, 26),
(471, 43, '2018-10-20', 112, 23),
(472, 54, '2018-10-20', 112, 24),
(473, 65, '2018-10-20', 112, 25),
(474, 0, '2018-10-20', 112, 26),
(475, 54, '2018-11-10', 113, 23),
(476, 43, '2018-11-10', 113, 24),
(477, 54, '2018-11-10', 113, 25),
(478, 65, '2018-11-10', 113, 26),
(479, 76, '2018-09-06', 114, 23),
(480, 87, '2018-09-06', 114, 24),
(481, 43, '2018-09-06', 114, 25),
(482, 54, '2018-09-06', 114, 26),
(483, 43, '2018-10-20', 115, 23),
(484, 54, '2018-10-20', 115, 24),
(485, 65, '2018-10-20', 115, 25),
(486, 76, '2018-10-20', 115, 26),
(487, 43, '2018-11-08', 116, 23),
(488, 65, '2018-11-08', 116, 24),
(489, 43, '2018-11-08', 116, 25),
(490, 65, '2018-11-08', 116, 26),
(491, 43, '2019-02-20', 117, 23),
(492, 32, '2019-02-20', 117, 24),
(493, 54, '2019-02-20', 117, 25),
(494, 76, '2019-02-20', 117, 26),
(495, 87, '2019-03-08', 118, 23),
(496, 54, '2019-03-08', 118, 24),
(497, 43, '2019-03-08', 118, 25),
(498, 54, '2019-03-08', 118, 26),
(499, 65, '2019-04-20', 119, 23),
(500, 53, '2019-04-20', 119, 24),
(501, 32, '2019-04-20', 119, 25),
(502, 0, '2019-04-20', 119, 26),
(503, 0, '2019-02-09', 120, 23),
(504, 54, '2019-02-09', 120, 24),
(505, 43, '2019-02-09', 120, 25),
(506, 23, '2019-02-09', 120, 26),
(507, 43, '2019-03-20', 121, 23),
(508, 54, '2019-03-20', 121, 24),
(509, 65, '2019-03-20', 121, 25),
(510, 76, '2019-03-20', 121, 26),
(511, 54, '2019-04-08', 122, 23),
(512, 0, '2019-04-08', 122, 24),
(513, 54, '2019-04-08', 122, 25),
(514, 32, '2019-04-08', 122, 26),
(515, 54, '2019-09-09', 123, 23),
(516, 54, '2019-09-09', 123, 24),
(517, 65, '2019-09-09', 123, 25),
(518, 76, '2019-09-09', 123, 26),
(519, 54, '2019-10-15', 124, 23),
(520, 43, '2019-10-15', 124, 24),
(521, 65, '2019-10-15', 124, 25),
(522, 3, '2019-10-15', 124, 26),
(523, 54, '2019-11-23', 125, 23),
(524, 65, '2019-11-23', 125, 24),
(525, 0, '2019-11-23', 125, 25),
(526, 54, '2019-11-23', 125, 26),
(527, 43, '2019-09-21', 126, 23),
(528, 65, '2019-09-21', 126, 24),
(529, 3, '2019-09-21', 126, 25),
(530, 65, '2019-09-21', 126, 26),
(531, 3, '2019-10-18', 127, 23),
(532, 65, '2019-10-18', 127, 24),
(533, 65, '2019-10-18', 127, 25),
(534, 87, '2019-10-18', 127, 26),
(535, 43, '2019-11-22', 128, 23),
(536, 55, '2019-11-22', 128, 24),
(537, 66, '2019-11-22', 128, 25),
(538, 70, '2019-11-22', 128, 26),
(539, 54, '2020-02-20', 129, 23),
(540, 54, '2020-02-20', 129, 24),
(541, 53, '2020-03-15', 130, 24),
(542, 32, '2020-03-15', 130, 25),
(543, 54, '2020-03-15', 130, 26),
(544, 43, '2020-05-08', 131, 23),
(545, 54, '2020-05-08', 131, 24),
(546, 43, '2020-03-20', 132, 23),
(547, 54, '2020-03-20', 132, 24),
(548, 54, '2020-04-08', 133, 23),
(549, 98, '2020-04-08', 133, 24),
(550, 54, '2020-04-08', 133, 25),
(551, 54, '2020-05-21', 134, 23),
(552, 54, '2020-05-21', 134, 24);

-- --------------------------------------------------------

--
-- Структура таблицы `group_table`
--

CREATE TABLE IF NOT EXISTS `group_table` (
  `id_group` int(11) NOT NULL AUTO_INCREMENT,
  `number` char(255) NOT NULL,
  `id_specialty` int(11) NOT NULL,
  PRIMARY KEY (`id_group`),
  KEY `IX_Relationship1` (`id_specialty`)
) ENGINE=MyISAM AUTO_INCREMENT=10 DEFAULT CHARSET=utf8mb4;

--
-- Дамп данных таблицы `group_table`
--

INSERT INTO `group_table` (`id_group`, `number`, `id_specialty`) VALUES
(1, '432432234', 1),
(2, '342234', 2),
(3, '423243', 3),
(4, '342324', 4),
(5, '423423', 4),
(6, '342324', 2),
(7, '342432', 2),
(9, '53434533', 1);

-- --------------------------------------------------------

--
-- Структура таблицы `session_type`
--

CREATE TABLE IF NOT EXISTS `session_type` (
  `id_session_type` int(11) NOT NULL AUTO_INCREMENT,
  `name` char(20) NOT NULL,
  PRIMARY KEY (`id_session_type`)
) ENGINE=MyISAM AUTO_INCREMENT=3 DEFAULT CHARSET=utf8mb4;

--
-- Дамп данных таблицы `session_type`
--

INSERT INTO `session_type` (`id_session_type`, `name`) VALUES
(1, 'зимняя'),
(2, 'летняя');

-- --------------------------------------------------------

--
-- Структура таблицы `specialty`
--

CREATE TABLE IF NOT EXISTS `specialty` (
  `id_specialty` int(11) NOT NULL AUTO_INCREMENT,
  `code` char(30) NOT NULL,
  `name` char(255) NOT NULL,
  PRIMARY KEY (`id_specialty`)
) ENGINE=MyISAM AUTO_INCREMENT=5 DEFAULT CHARSET=utf8mb4;

--
-- Дамп данных таблицы `specialty`
--

INSERT INTO `specialty` (`id_specialty`, `code`, `name`) VALUES
(1, '10.03.01', 'Информационная безопасность'),
(2, '09.03.04', 'Программная инженерия'),
(3, '12.03.01', 'Приборостроение'),
(4, '09.03.02', 'Информационные системы и технологии');

-- --------------------------------------------------------

--
-- Структура таблицы `student`
--

CREATE TABLE IF NOT EXISTS `student` (
  `id_student` int(11) NOT NULL AUTO_INCREMENT,
  `name` char(255) NOT NULL,
  `record_book` int(11) NOT NULL,
  `id_group` int(11) NOT NULL,
  PRIMARY KEY (`id_student`),
  KEY `IX_Relationship3` (`id_group`)
) ENGINE=MyISAM AUTO_INCREMENT=33 DEFAULT CHARSET=utf8mb4;

--
-- Дамп данных таблицы `student`
--

INSERT INTO `student` (`id_student`, `name`, `record_book`, `id_group`) VALUES
(1, 'Иванов Иван Иванович', 123442, 1),
(2, 'Петров Дмитрий Константинович', 123432, 1),
(15, 'Горшков Артур Викторович', 123433, 1),
(16, 'Капустин Августин Пантелеймонович', 123434, 1),
(17, 'Иванов Ростислав Лаврентьевич', 123432, 1),
(18, 'Горбунов Елисей Иринеевич', 123435, 2),
(19, 'Тихонов Валентин Мартынович', 123436, 2),
(20, 'Юдин Петр Валерьевич', 123437, 2),
(21, 'Давыдов Ярослав Николаевич', 123438, 2),
(22, 'Гаврилов Игорь Глебович', 123439, 2),
(23, 'Тетерин Артем Федотович', 123450, 3),
(24, 'Овчинников Вадим Евсеевич', 123451, 3),
(25, 'Богданов Леонид Лаврентьевич', 123452, 3),
(26, 'Фомин Василий Федосеевич', 123453, 3),
(27, 'Елена Чувикова', 504256, 9),
(28, 'Софья Турчанинова', 256253, 9),
(29, 'Филипп Земляков', 532515, 9),
(30, 'Елена Чувикова', 609231, 9),
(31, 'Софья Турчанинова', 983930, 9),
(32, 'Филипп Земляков', 425431, 9);

-- --------------------------------------------------------

--
-- Структура таблицы `type_final_grade`
--

CREATE TABLE IF NOT EXISTS `type_final_grade` (
  `id_type_final_grade` int(11) NOT NULL AUTO_INCREMENT,
  `name` char(20) NOT NULL,
  PRIMARY KEY (`id_type_final_grade`)
) ENGINE=MyISAM AUTO_INCREMENT=3 DEFAULT CHARSET=utf8mb4;

--
-- Дамп данных таблицы `type_final_grade`
--

INSERT INTO `type_final_grade` (`id_type_final_grade`, `name`) VALUES
(1, 'Экзамен'),
(2, 'Зачет');

-- --------------------------------------------------------

--
-- Структура таблицы `users`
--

CREATE TABLE IF NOT EXISTS `users` (
  `id` int(11) NOT NULL AUTO_INCREMENT,
  `login` char(255) NOT NULL,
  `password` char(255) NOT NULL,
  PRIMARY KEY (`id`)
) ENGINE=MyISAM AUTO_INCREMENT=3 DEFAULT CHARSET=utf8mb4;

--
-- Дамп данных таблицы `users`
--

INSERT INTO `users` (`id`, `login`, `password`) VALUES
(1, 'molchanova', '739548637fc51ad74e61a46767c456fece496b4e696dfdb9c22f0ac15f9c9f77'),
(2, 'vojvodina', '68bb59b75f87fc4b53d934eee65dff1406ca56c0a1f0ab5b993d8ab83d2045bc');

-- --------------------------------------------------------

--
-- Структура таблицы `work`
--

CREATE TABLE IF NOT EXISTS `work` (
  `id_work` int(11) NOT NULL AUTO_INCREMENT,
  `name` char(255) NOT NULL,
  `deadline` date NOT NULL,
  `id_group` int(11) NOT NULL,
  `id_discipline` int(11) NOT NULL,
  PRIMARY KEY (`id_work`),
  KEY `IX_Relationship10` (`id_group`),
  KEY `IX_Relationship11` (`id_discipline`)
) ENGINE=MyISAM AUTO_INCREMENT=135 DEFAULT CHARSET=utf8mb4;

--
-- Дамп данных таблицы `work`
--

INSERT INTO `work` (`id_work`, `name`, `deadline`, `id_group`, `id_discipline`) VALUES
(1, 'Лабораторная работа №1', '2016-09-13', 1, 1),
(2, 'Лабораторная работа №2', '2016-10-13', 1, 1),
(3, 'Лабораторная работа №3', '2016-11-13', 1, 1),
(4, 'Лабораторная работа №4', '2016-12-13', 1, 1),
(5, 'Лабораторная работа №1', '2016-09-13', 1, 2),
(6, 'Лабораторная работа №2', '2016-10-13', 1, 2),
(7, 'Лабораторная работа №3', '2016-11-13', 1, 2),
(8, 'Лабораторная работа №4', '2016-12-13', 1, 2),
(9, 'Лабораторная работа №1', '2017-02-13', 1, 3),
(10, 'Лабораторная работа №2', '2017-03-13', 1, 3),
(11, 'Лабораторная работа №3', '2017-04-13', 1, 3),
(12, 'Лабораторная работа №1', '2017-02-13', 1, 4),
(13, 'Лабораторная работа №2', '2017-03-13', 1, 4),
(14, 'Лабораторная работа №3', '2017-04-13', 1, 4),
(15, 'Лабораторная работа №1', '2017-09-13', 1, 5),
(16, 'Лабораторная работа №2', '2017-10-13', 1, 5),
(17, 'Лабораторная работа №3', '2017-11-13', 1, 5),
(18, 'Лабораторная работа №1', '2017-09-13', 1, 6),
(19, 'Лабораторная работа №2', '2017-10-13', 1, 6),
(20, 'Лабораторная работа №3', '2017-11-13', 1, 6),
(21, 'Лабораторная работа №1', '2018-02-13', 1, 7),
(22, 'Лабораторная работа №2', '2018-03-13', 1, 7),
(23, 'Лабораторная работа №3', '2018-04-13', 1, 7),
(24, 'Лабораторная работа №1', '2018-02-13', 1, 8),
(25, 'Лабораторная работа №2', '2018-03-13', 1, 8),
(26, 'Лабораторная работа №3', '2018-04-13', 1, 8),
(27, 'Лабораторная работа №1', '2018-09-13', 1, 9),
(28, 'Лабораторная работа №2', '2018-10-13', 1, 9),
(29, 'Лабораторная работа №3', '2018-11-13', 1, 9),
(30, 'Лабораторная работа №1', '2018-09-13', 1, 10),
(31, 'Лабораторная работа №2', '2018-10-13', 1, 10),
(32, 'Лабораторная работа №3', '2018-11-13', 1, 10),
(33, 'Лабораторная работа №1', '2019-02-13', 1, 11),
(34, 'Лабораторная работа №2', '2019-03-13', 1, 11),
(35, 'Лабораторная работа №3', '2019-04-13', 1, 11),
(36, 'Лабораторная работа №1', '2019-02-13', 1, 12),
(37, 'Лабораторная работа №2', '2019-03-13', 1, 12),
(38, 'Лабораторная работа №3', '2019-04-13', 1, 12),
(39, 'Лабораторная работа №1', '2019-09-13', 1, 13),
(40, 'Лабораторная работа №2', '2019-10-13', 1, 13),
(41, 'Лабораторная работа №3', '2019-11-13', 1, 13),
(42, 'Лабораторная работа №1', '2019-09-13', 1, 14),
(43, 'Лабораторная работа №2', '2019-10-13', 1, 14),
(44, 'Лабораторная работа №3', '2019-11-13', 1, 14),
(45, 'Лабораторная работа №1', '2020-02-13', 1, 15),
(46, 'Лабораторная работа №2', '2020-03-13', 1, 15),
(47, 'Лабораторная работа №3', '2020-05-13', 1, 15),
(48, 'Лабораторная работа №1', '2020-02-13', 1, 16),
(49, 'Лабораторная работа №2', '2020-03-13', 1, 16),
(50, 'Лабораторная работа №3', '2020-05-13', 1, 16),
(51, 'Лабораторная работа №1', '2020-02-13', 1, 17),
(52, 'Лабораторная работа №2', '2020-04-13', 1, 17),
(53, 'Лабораторная работа №3', '2020-05-13', 1, 17),
(54, 'Лабораторная работа №1', '2020-03-13', 1, 18),
(55, 'Лабораторная работа №2', '2020-03-13', 1, 18),
(56, 'Лабораторная работа №3', '2020-05-13', 1, 18),
(57, 'Лабораторная работа №1', '2016-09-13', 2, 1),
(58, 'Лабораторная работа №2', '2016-10-13', 2, 1),
(59, 'Лабораторная работа №3', '2016-11-13', 2, 1),
(60, 'Лабораторная работа №1', '2016-09-13', 2, 2),
(61, 'Лабораторная работа №2', '2016-10-13', 2, 2),
(62, 'Лабораторная работа №3', '2016-11-13', 2, 2),
(63, 'Лабораторная работа №1', '2017-02-13', 2, 3),
(64, 'Лабораторная работа №2', '2017-03-13', 2, 3),
(65, 'Лабораторная работа №3', '2017-04-13', 2, 3),
(66, 'Лабораторная работа №1', '2017-02-13', 2, 4),
(67, 'Лабораторная работа №2', '2017-03-13', 2, 4),
(68, 'Лабораторная работа №3', '2017-04-13', 2, 4),
(69, 'Лабораторная работа №1', '2017-09-13', 2, 5),
(70, 'Лабораторная работа №2', '2017-10-13', 2, 5),
(71, 'Лабораторная работа №3', '2017-11-13', 2, 5),
(72, 'Лабораторная работа №1', '2017-09-13', 2, 6),
(73, 'Лабораторная работа №2', '2017-10-13', 2, 6),
(74, 'Лабораторная работа №3', '2017-11-13', 2, 6),
(75, 'Лабораторная работа №1', '2018-02-13', 2, 7),
(76, 'Лабораторная работа №2', '2018-03-13', 2, 7),
(77, 'Лабораторная работа №3', '2018-04-13', 2, 7),
(78, 'Лабораторная работа №1', '2018-02-13', 2, 8),
(79, 'Лабораторная работа №2', '2018-03-13', 2, 8),
(80, 'Лабораторная работа №3', '2018-04-13', 2, 8),
(81, 'Лабораторная работа №1', '2018-09-13', 2, 9),
(82, 'Лабораторная работа №2', '2018-10-13', 2, 9),
(83, 'Лабораторная работа №3', '2018-11-13', 2, 9),
(84, 'Лабораторная работа №1', '2018-09-13', 2, 10),
(85, 'Лабораторная работа №2', '2018-10-13', 2, 10),
(86, 'Лабораторная работа №3', '2018-11-13', 2, 10),
(87, 'Лабораторная работа №1', '2018-09-13', 2, 11),
(88, 'Лабораторная работа №2', '2018-10-13', 2, 11),
(89, 'Лабораторная работа №3', '2018-11-13', 2, 11),
(90, 'Лабораторная работа №1', '2019-02-13', 2, 12),
(91, 'Лабораторная работа №2', '2019-03-13', 2, 12),
(92, 'Лабораторная работа №3', '2019-04-13', 2, 12),
(93, 'Лабораторная работа №1', '2019-02-13', 2, 13),
(94, 'Лабораторная работа №2', '2019-03-13', 2, 13),
(95, 'Лабораторная работа №3', '2019-04-13', 2, 13),
(96, 'Лабораторная работа №1', '2019-09-13', 2, 14),
(97, 'Лабораторная работа №2', '2019-10-13', 2, 14),
(98, 'Лабораторная работа №3', '2019-11-13', 2, 14),
(99, 'Лабораторная работа №1', '2019-09-13', 2, 15),
(100, 'Лабораторная работа №2', '2019-10-13', 2, 15),
(101, 'Лабораторная работа №3', '2019-11-13', 2, 15),
(102, 'Лабораторная работа №1', '2020-02-13', 2, 16),
(103, 'Лабораторная работа №2', '2020-03-13', 2, 16),
(104, 'Лабораторная работа №3', '2020-04-13', 2, 16),
(105, 'Лабораторная работа №1', '2020-02-13', 2, 17),
(106, 'Лабораторная работа №2', '2020-03-13', 2, 17),
(107, 'Лабораторная работа №3', '2020-05-13', 2, 17),
(108, 'Лабораторная работа №1', '2020-02-13', 2, 18),
(109, 'Лабораторная работа №2', '2020-03-13', 2, 18),
(110, 'Лабораторная работа №3', '2020-05-13', 2, 18),
(111, 'Лабораторная работа №1', '2018-09-13', 3, 1),
(112, 'Лабораторная работа №2', '2018-10-13', 3, 1),
(113, 'Лабораторная работа №3', '2018-11-13', 3, 1),
(114, 'Лабораторная работа №1', '2018-09-13', 3, 2),
(115, 'Лабораторная работа №2', '2018-10-13', 3, 2),
(116, 'Лабораторная работа №3', '2018-11-13', 3, 2),
(117, 'Лабораторная работа №1', '2019-02-13', 3, 3),
(118, 'Лабораторная работа №2', '2019-03-13', 3, 3),
(119, 'Лабораторная работа №3', '2019-04-13', 3, 3),
(120, 'Лабораторная работа №1', '2019-02-13', 3, 4),
(121, 'Лабораторная работа №2', '2019-03-13', 3, 4),
(122, 'Лабораторная работа №3', '2019-04-13', 3, 4),
(123, 'Лабораторная работа №1', '2019-09-13', 3, 5),
(124, 'Лабораторная работа №2', '2019-10-13', 3, 5),
(125, 'Лабораторная работа №3', '2019-11-13', 3, 5),
(126, 'Лабораторная работа №1', '2019-09-13', 3, 6),
(127, 'Лабораторная работа №2', '2019-10-13', 3, 6),
(128, 'Лабораторная работа №3', '2019-11-13', 3, 6),
(129, 'Лабораторная работа №1', '2020-02-13', 3, 7),
(130, 'Лабораторная работа №2', '2020-03-13', 3, 7),
(131, 'Лабораторная работа №3', '2020-05-13', 3, 7),
(132, 'Лабораторная работа №1', '2020-03-13', 3, 8),
(133, 'Лабораторная работа №2', '2020-04-13', 3, 8),
(134, 'Лабораторная работа №3', '2020-05-13', 3, 8);

/*!40101 SET CHARACTER_SET_CLIENT=@OLD_CHARACTER_SET_CLIENT */;
/*!40101 SET CHARACTER_SET_RESULTS=@OLD_CHARACTER_SET_RESULTS */;
/*!40101 SET COLLATION_CONNECTION=@OLD_COLLATION_CONNECTION */;
